Time,Latitude,Longitude,Speed(km/h),Altitude(m)
23:37:21,-38.059731,144.383184,1.94,12.4
23:37:22,-38.05973,144.383176,1.3,16.8
23:37:23,-38.059739,144.383183,0.48,20.5
23:37:24,-38.059738,144.383187,0.5,20.5
23:37:25,-38.059735,144.383175,0.72,19.8
23:37:26,-38.059732,144.383174,0.26,19.4
23:37:27,-38.059729,144.383177,0.91,19.6
23:37:28,-38.059727,144.383178,0.2,20.0
23:37:29,-38.059725,144.38318,0.11,20.2
23:37:30,-38.059723,144.383182,0.09,20.3
23:37:31,-38.059722,144.383183,0.04,20.5
23:37:32,-38.05972,144.383184,0.15,20.5
23:37:33,-38.05972,144.383187,0.06,20.5
23:37:34,-38.059719,144.383191,0.06,20.7
23:37:35,-38.059722,144.383197,0.5,20.6
23:37:36,-38.059724,144.383202,0.07,20.6
23:37:37,-38.059724,144.383205,0.2,20.7
23:37:38,-38.059725,144.383207,0.17,20.7
23:37:39,-38.059726,144.383209,0.26,20.8
23:37:40,-38.059726,144.383209,0.22,20.9
23:37:41,-38.059726,144.38321,0.24,20.8
23:37:42,-38.059726,144.383211,0.02,20.8
23:37:43,-38.059726,144.383212,0.02,20.8
23:37:44,-38.059726,144.383212,0.02,20.8
23:37:44,-38.059726,144.383212,0.02,20.8
23:37:44,-38.059726,144.383212,0.02,20.8
23:37:44,-38.059726,144.383212,0.02,20.8
23:37:44,-38.059726,144.383212,0.02,20.8
23:37:44,-38.059726,144.383212,0.02,20.8
23:37:44,-38.059726,144.383212,0.02,20.8
23:37:44,-38.059726,144.383212,0.02,20.8
23:37:44,-38.059726,144.383212,0.02,20.8
23:37:44,-38.059726,144.383212,0.02,20.8
23:37:44,-38.059726,144.383212,0.02,20.8
23:37:44,-38.059726,144.383212,0.02,20.8
23:37:44,-38.059726,144.383212,0.02,20.8
23:37:44,-38.059726,144.383212,0.02,20.8
23:37:44,-38.059726,144.383212,0.02,20.8
23:38:0,-38.059723,144.383207,0.19,20.8
23:38:1,-38.059724,144.383208,0.44,20.7
23:38:2,-38.059724,144.383209,0.44,20.6
23:38:3,-38.059724,144.383209,0.19,20.5
23:38:4,-38.059725,144.383209,0.07,20.4
23:38:5,-38.059725,144.383209,0.61,20.2
23:38:6,-38.059725,144.383207,0.44,20.0
23:38:7,-38.059728,144.383216,4.22,19.8
23:38:8,-38.05973,144.383239,8.52,19.6
23:38:9,-38.059731,144.383284,17.48,20.4
23:38:10,-38.059754,144.383343,24.72,21.4
23:38:11,-38.059807,144.383393,31.0,22.0
23:38:12,-38.059889,144.383424,37.04,22.6
23:38:13,-38.059991,144.383445,42.36,23.1
23:38:14,-38.060092,144.383477,42.06,23.5
23:38:15,-38.060173,144.383552,40.8,23.7
23:38:16,-38.060208,144.383667,40.98,23.8
23:38:17,-38.060182,144.383766,33.35,24.0
23:38:18,-38.060106,144.383799,34.84,24.2
23:38:19,-38.060011,144.383787,39.56,24.1
23:38:20,-38.059921,144.383811,37.17,24.0
23:38:21,-38.059854,144.383896,40.28,23.8
23:38:22,-38.059833,144.384002,33.71,23.7
23:38:23,-38.059871,144.384088,33.82,23.6
23:38:24,-38.059955,144.384122,38.5,23.7
23:38:25,-38.060058,144.384105,43.15,23.5
23:38:26,-38.060169,144.384058,47.91,23.3
23:38:27,-38.060277,144.384002,45.39,23.3
23:38:28,-38.060377,144.383968,40.02,23.3
23:38:29,-38.060467,144.384,38.98,23.3
23:38:30,-38.060502,144.384094,35.15,23.2
23:38:31,-38.060488,144.384175,23.98,23.3
23:38:32,-38.060478,144.384211,6.8,23.5
23:38:33,-38.060476,144.384211,2.22,23.4
23:38:34,-38.06047,144.384194,7.52,23.1
23:38:35,-38.060445,144.384175,13.5,22.8
23:38:36,-38.060403,144.384178,18.93,22.7
23:38:37,-38.060347,144.384201,25.08,22.5
23:38:38,-38.060276,144.384233,31.74,22.4
23:38:39,-38.06019,144.384268,37.95,22.4
23:38:40,-38.060094,144.384321,43.34,22.3
23:38:41,-38.059981,144.384361,47.63,22.0
23:38:42,-38.05986,144.384389,49.76,21.7
23:38:43,-38.059736,144.384422,50.36,21.7
23:38:44,-38.059613,144.384473,52.32,21.8
23:38:46,-38.059402,144.384534,38.15,22.0
23:38:46,-38.059402,144.384534,38.15,22.0
23:38:48,-38.059285,144.384437,38.15,21.8
23:38:48,-38.059285,144.384437,38.15,21.8
23:38:48,-38.059285,144.384437,38.15,21.8
23:38:48,-38.059285,144.384437,38.15,21.8
23:38:48,-38.059285,144.384437,38.15,21.8
23:38:48,-38.059285,144.384437,38.15,21.8
23:38:48,-38.059285,144.384437,38.15,21.8
23:38:48,-38.059285,144.384437,38.15,21.8
23:38:48,-38.059285,144.384437,38.15,21.8
23:38:48,-38.059285,144.384437,38.15,21.8
23:38:48,-38.059285,144.384437,38.15,21.8
23:38:48,-38.059285,144.384437,38.15,21.8
23:38:48,-38.059285,144.384437,38.15,21.8
23:38:48,-38.059285,144.384437,38.15,21.8
23:39:2,-38.058732,144.384439,47.78,21.8
23:39:3,-38.05865,144.384336,46.73,21.8
23:39:4,-38.058596,144.384195,51.54,21.5
23:39:5,-38.058569,144.384026,56.1,21.6
23:39:6,-38.058599,144.383848,59.82,21.6
23:39:7,-38.058637,144.383656,64.13,21.6
23:39:8,-38.058682,144.383454,67.17,21.3
23:39:9,-38.058736,144.383245,70.52,21.1
23:39:10,-38.058784,144.383024,73.36,21.1
23:39:11,-38.058839,144.382797,75.73,21.1
23:39:12,-38.058888,144.382576,71.26,21.2
23:39:13,-38.058929,144.38238,61.28,21.1
23:39:14,-38.058973,144.382223,49.04,20.7
23:39:15,-38.059066,144.382136,48.5,20.6
23:39:16,-38.059183,144.382149,49.99,20.5
23:39:17,-38.059262,144.382256,48.37,20.5
23:39:18,-38.059277,144.382413,52.84,20.5
23:39:19,-38.059228,144.382577,58.06,20.5
23:39:20,-38.059155,144.382745,61.45,20.4
23:39:21,-38.059114,144.382917,55.84,20.5
23:39:22,-38.059145,144.383081,55.13,20.2
23:39:23,-38.059247,144.383194,56.65,20.5
23:39:24,-38.05939,144.383249,61.67,20.5
23:39:25,-38.059548,144.383293,65.63,20.3
23:39:26,-38.059715,144.383343,69.38,20.3
23:39:27,-38.059888,144.383394,71.84,20.3
23:39:28,-38.06005,144.383443,64.47,20.3
23:39:29,-38.060154,144.383546,51.86,19.9
23:39:30,-38.060176,144.383687,45.91,20.0
23:39:31,-38.060115,144.383783,42.0,20.7
23:39:32,-38.060009,144.383789,45.6,20.9
23:39:33,-38.059897,144.383816,47.76,20.6
23:39:34,-38.059832,144.383919,42.87,20.2
23:39:35,-38.059848,144.384044,42.74,20.1
23:39:36,-38.05993,144.384112,41.58,20.4
23:39:37,-38.060036,144.384098,45.67,20.4
23:39:38,-38.060147,144.384033,50.62,20.4
23:39:39,-38.060273,144.383971,55.6,20.3
23:39:40,-38.060401,144.38396,50.3,20.2
23:39:41,-38.060482,144.384034,40.61,20.3
23:39:42,-38.060474,144.384148,40.04,20.2
23:39:43,-38.060391,144.384229,44.86,20.3
23:39:44,-38.060273,144.38427,51.19,20.2
23:39:45,-38.060139,144.38431,56.47,20.1
23:39:47,-38.059834,144.384406,66.04,20.3
23:39:48,-38.059667,144.384459,70.06,20.2
23:39:49,-38.059508,144.384512,70.06,20.5
23:39:49,-38.059508,144.384512,70.06,20.5
23:39:49,-38.059508,144.384512,70.06,20.5
23:39:49,-38.059508,144.384512,70.06,20.5
23:39:49,-38.059508,144.384512,70.06,20.5
23:39:49,-38.059508,144.384512,70.06,20.5
23:39:49,-38.059508,144.384512,70.06,20.5
23:39:49,-38.059508,144.384512,70.06,20.5
23:39:49,-38.059508,144.384512,70.06,20.5
23:39:49,-38.059508,144.384512,70.06,20.5
23:39:49,-38.059508,144.384512,70.06,20.5
23:39:49,-38.059508,144.384512,70.06,20.5
23:39:49,-38.059508,144.384512,70.06,20.5
23:39:49,-38.059508,144.384512,70.06,20.5
23:39:49,-38.059508,144.384512,70.06,20.5
23:40:4,-38.058803,144.384455,55.02,20.5
23:40:5,-38.058683,144.384369,58.1,20.5
23:40:6,-38.058606,144.384208,61.86,19.9
23:40:7,-38.058584,144.384009,65.43,20.1
23:40:8,-38.058611,144.383798,69.19,20.1
23:40:9,-38.05866,144.38358,72.78,20.2
23:40:10,-38.058714,144.383354,75.69,20.3
23:40:11,-38.058769,144.383118,78.54,20.3
23:40:12,-38.058824,144.382874,81.04,20.3
23:40:13,-38.058878,144.382623,82.62,20.4
23:40:14,-38.05893,144.38239,73.88,20.5
23:40:15,-38.058999,144.382211,59.32,20.2
23:40:16,-38.059114,144.382134,53.37,20.3
23:40:17,-38.059225,144.382184,50.0,20.0
23:40:18,-38.059279,144.382328,54.26,20.0
23:40:19,-38.05926,144.382504,58.71,19.8
23:40:20,-38.05919,144.38268,63.99,19.9
23:40:21,-38.059131,144.382861,61.39,19.9
23:40:22,-38.059142,144.383042,58.73,19.1
23:40:23,-38.059236,144.383185,61.08,19.4
23:40:24,-38.059379,144.383271,65.23,19.2
23:40:25,-38.059547,144.38331,69.69,19.1
23:40:26,-38.059727,144.383334,73.32,18.9
23:40:27,-38.059913,144.383379,76.67,18.7
23:40:28,-38.060075,144.383445,64.47,18.5
23:40:29,-38.060172,144.383563,52.84,18.3
23:40:30,-38.060172,144.383714,50.8,18.2
23:40:31,-38.060087,144.383791,44.87,18.4
23:40:32,-38.05997,144.383801,48.43,18.2
23:40:33,-38.059868,144.383857,45.5,18.6
23:40:34,-38.059834,144.383979,44.0,18.8
23:40:35,-38.059881,144.3841,44.91,19.4
23:40:36,-38.059991,144.384135,49.39,19.8
23:40:37,-38.060111,144.384077,53.84,19.7
23:40:38,-38.060238,144.383996,58.02,19.8
23:40:39,-38.060372,144.383959,54.36,20.0
23:40:40,-38.06047,144.384018,43.67,19.9
23:40:41,-38.060481,144.38414,42.52,19.6
23:40:42,-38.060403,144.384231,46.91,19.7
23:40:43,-38.060282,144.384277,52.26,20.1
23:40:45,-38.059995,144.384365,62.97,20.1
23:40:45,-38.059995,144.384365,62.97,20.3
23:40:47,-38.059663,144.384472,62.97,20.4
23:40:47,-38.059663,144.384472,62.97,20.4
23:40:47,-38.059663,144.384472,62.97,20.4
23:40:47,-38.059663,144.384472,62.97,20.4
23:40:47,-38.059663,144.384472,62.97,20.4
23:40:47,-38.059663,144.384472,62.97,20.4
23:40:47,-38.059663,144.384472,62.97,20.4
23:40:47,-38.059663,144.384472,62.97,20.4
23:40:47,-38.059663,144.384472,62.97,20.4
23:40:47,-38.059663,144.384472,62.97,20.4
23:40:47,-38.059663,144.384472,62.97,20.4
23:40:47,-38.059663,144.384472,62.97,20.4
23:40:59,-38.059043,144.384134,68.14,20.4
23:41:0,-38.058999,144.384348,71.38,21.1
23:41:1,-38.058896,144.384508,66.21,21.1
23:41:2,-38.058762,144.384549,55.62,20.7
23:41:3,-38.058644,144.384473,55.97,20.6
23:41:4,-38.058571,144.384316,59.73,20.2
23:41:5,-38.058548,144.384121,63.99,20.3
23:41:6,-38.058573,144.383912,67.91,20.2
23:41:7,-38.058622,144.383696,71.56,20.2
23:41:8,-38.058678,144.38347,74.95,20.1
23:41:9,-38.058733,144.383235,77.78,20.1
23:41:10,-38.058788,144.382992,80.02,20.0
23:41:11,-38.058843,144.382742,82.01,19.8
23:41:12,-38.058895,144.382503,76.02,19.8
23:41:13,-38.058948,144.382307,60.43,19.5
23:41:14,-38.059049,144.382192,55.21,17.7
23:41:15,-38.059172,144.382202,52.06,17.1
23:41:16,-38.059249,144.382327,54.47,16.6
23:41:17,-38.059248,144.382502,59.04,16.6
23:41:18,-38.059184,144.382678,63.51,16.7
23:41:19,-38.059112,144.38286,64.97,16.7
23:41:20,-38.059091,144.383048,60.12,16.4
23:41:21,-38.059163,144.383203,60.02,16.3
23:41:22,-38.059298,144.3833,64.08,16.3
23:41:23,-38.059466,144.383345,70.04,16.7
23:41:24,-38.059644,144.383373,72.15,16.3
23:41:25,-38.059829,144.383414,76.36,16.1
23:41:26,-38.060004,144.383474,70.6,16.1
23:41:27,-38.060126,144.383587,58.78,16.1
23:41:28,-38.06015,144.383733,48.13,15.6
23:41:29,-38.060071,144.383829,48.36,16.3
23:41:30,-38.059966,144.383832,43.63,15.6
23:41:31,-38.05986,144.383871,47.67,15.7
23:41:32,-38.059801,144.383993,48.78,15.9
23:41:33,-38.059837,144.38413,49.89,16.3
23:41:34,-38.059948,144.384179,50.63,17.1
23:41:35,-38.060071,144.384129,54.36,17.2
23:41:36,-38.060201,144.384047,58.84,17.3
23:41:37,-38.060346,144.384011,59.75,17.4
23:41:39,-38.060473,144.384188,38.5,17.5
23:41:39,-38.060473,144.384188,38.5,17.7
23:41:41,-38.060273,144.384301,38.5,17.4
23:41:41,-38.060273,144.384301,38.5,17.4
23:41:41,-38.060273,144.384301,38.5,17.4
23:41:41,-38.060273,144.384301,38.5,17.4
23:41:41,-38.060273,144.384301,38.5,17.4
23:41:41,-38.060273,144.384301,38.5,17.4
23:41:41,-38.060273,144.384301,38.5,17.4
23:41:41,-38.060273,144.384301,38.5,17.4
23:41:41,-38.060273,144.384301,38.5,17.4
23:41:41,-38.060273,144.384301,38.5,17.4
23:41:41,-38.060273,144.384301,38.5,17.4
23:41:41,-38.060273,144.384301,38.5,17.4
23:41:53,-38.059508,144.383941,55.5,17.4
23:41:54,-38.05941,144.383817,58.38,17.4
23:41:55,-38.059269,144.383789,59.78,15.4
23:41:56,-38.059144,144.383879,61.04,15.5
23:41:57,-38.059077,144.384057,66.08,15.3
23:41:58,-38.059031,144.384266,69.89,15.5
23:41:59,-38.058944,144.384448,68.06,15.6
23:42:0,-38.058816,144.384525,55.54,15.5
23:42:1,-38.058692,144.38446,58.54,15.2
23:42:2,-38.058611,144.384293,64.62,15.6
23:42:3,-38.058589,144.384084,67.91,15.9
23:42:4,-38.058621,144.383865,71.47,16.1
23:42:5,-38.058673,144.383639,74.73,16.1
23:42:6,-38.058728,144.383405,77.62,16.2
23:42:7,-38.058782,144.383162,79.75,16.1
23:42:8,-38.058836,144.382914,81.41,16.0
23:42:9,-38.058891,144.382662,82.67,15.9
23:42:10,-38.05894,144.382435,70.21,16.0
23:42:11,-38.059015,144.382263,59.23,16.3
23:42:12,-38.059139,144.382185,57.91,16.7
23:42:13,-38.059255,144.382238,52.67,16.4
23:42:14,-38.059306,144.382385,54.62,16.5
23:42:15,-38.059271,144.382556,58.93,16.0
23:42:16,-38.059192,144.382734,66.23,15.7
23:42:17,-38.059141,144.382928,64.71,16.2
23:42:18,-38.059174,144.383114,62.23,16.7
23:42:19,-38.059289,144.38324,63.65,17.6
23:42:20,-38.059446,144.383312,68.84,17.2
23:42:21,-38.059622,144.383354,72.6,17.1
23:42:22,-38.059807,144.383386,76.19,17.0
23:42:23,-38.059995,144.383431,76.19,17.2
23:42:24,-38.060138,144.38352,60.78,17.2
23:42:25,-38.060198,144.383656,49.02,16.8
23:42:26,-38.060149,144.383774,46.24,15.6
23:42:27,-38.060041,144.383809,47.19,15.7
23:42:28,-38.059919,144.383855,52.17,15.2
23:42:29,-38.059859,144.383965,42.89,15.0
23:42:30,-38.059889,144.384089,44.8,14.6
23:42:31,-38.059992,144.384138,48.15,15.0
23:42:32,-38.060115,144.384098,48.15,15.2
23:42:33,-38.060241,144.384017,48.15,15.2
23:42:33,-38.060241,144.384017,48.15,15.2
23:42:33,-38.060241,144.384017,48.15,15.2
23:42:33,-38.060241,144.384017,48.15,15.2
23:42:33,-38.060241,144.384017,48.15,15.2
23:42:33,-38.060241,144.384017,48.15,15.2
23:42:33,-38.060241,144.384017,48.15,15.2
23:42:33,-38.060241,144.384017,48.15,15.2
23:42:33,-38.060241,144.384017,48.15,15.2
23:42:33,-38.060241,144.384017,48.15,15.2
23:42:33,-38.060241,144.384017,48.15,15.2
23:42:33,-38.060241,144.384017,48.15,15.2
23:42:46,-38.059325,144.38432,42.37,15.2
23:42:47,-38.059428,144.384261,49.52,16.6
23:42:48,-38.059529,144.384164,52.76,16.7
23:42:49,-38.059559,144.384008,53.17,16.9
23:42:50,-38.059507,144.383848,57.32,17.1
23:42:51,-38.059384,144.383756,60.06,16.8
23:42:52,-38.059238,144.383779,61.71,16.4
23:42:53,-38.059128,144.383913,64.63,16.5
23:42:54,-38.059079,144.384113,68.65,16.5
23:42:55,-38.059033,144.384318,67.73,15.6
23:42:56,-38.058919,144.38446,66.82,15.4
23:42:57,-38.058768,144.384466,62.73,14.9
23:42:58,-38.058653,144.384343,63.04,14.4
23:42:59,-38.058597,144.384148,68.39,15.3
23:43:0,-38.058603,144.383929,71.08,15.9
23:43:1,-38.058647,144.383705,74.14,16.0
23:43:2,-38.058701,144.383474,76.9,16.1
23:43:3,-38.058755,144.383236,78.88,15.9
23:43:4,-38.05881,144.38299,81.41,16.1
23:43:5,-38.058866,144.38274,82.36,16.1
23:43:6,-38.058921,144.382488,82.32,16.0
23:43:7,-38.058972,144.382292,58.06,13.5
23:43:8,-38.05907,144.38218,53.6,13.6
23:43:9,-38.059194,144.382193,54.99,12.2
23:43:10,-38.059267,144.382325,55.3,11.8
23:43:11,-38.059254,144.382501,59.1,12.0
23:43:12,-38.059181,144.382679,65.21,12.5
23:43:13,-38.05912,144.382871,65.76,13.1
23:43:14,-38.059135,144.383066,63.15,13.9
23:43:15,-38.059235,144.383207,61.58,15.4
23:43:16,-38.059384,144.383286,66.41,14.9
23:43:17,-38.059557,144.383323,71.73,15.0
23:43:18,-38.059743,144.383348,75.12,14.9
23:43:19,-38.05993,144.383395,76.64,14.7
23:43:20,-38.060088,144.383476,65.34,14.7
23:43:21,-38.060168,144.383618,56.06,13.9
23:43:22,-38.060152,144.383766,47.97,13.9
23:43:23,-38.060054,144.383812,47.56,12.6
23:43:24,-38.059932,144.383819,49.21,12.6
23:43:25,-38.059841,144.383897,45.86,12.3
23:43:27,-38.059917,144.384128,45.86,13.7
23:43:27,-38.059917,144.384128,45.86,13.7
23:43:27,-38.059917,144.384128,45.86,13.7
23:43:27,-38.059917,144.384128,45.86,13.7
23:43:27,-38.059917,144.384128,45.86,13.7
23:43:27,-38.059917,144.384128,45.86,13.7
23:43:27,-38.059917,144.384128,45.86,13.7
23:43:27,-38.059917,144.384128,45.86,13.7
23:43:27,-38.059917,144.384128,45.86,13.7
23:43:27,-38.059917,144.384128,45.86,13.7
23:43:27,-38.059917,144.384128,45.86,13.7
23:43:27,-38.059917,144.384128,45.86,13.7
23:43:39,-38.05958,144.384495,70.95,13.7
23:43:40,-38.059427,144.384535,58.21,13.7
23:43:41,-38.059314,144.384488,47.84,14.9
23:43:42,-38.059289,144.384368,43.36,15.2
23:43:43,-38.05936,144.384274,46.1,15.1
23:43:44,-38.059469,144.384195,51.67,14.9
23:43:45,-38.059547,144.384062,54.69,14.3
23:43:46,-38.059534,144.383892,57.15,14.3
23:43:47,-38.059436,144.383762,60.13,14.4
23:43:48,-38.059291,144.383731,62.02,14.9
23:43:49,-38.05916,144.383822,62.47,14.7
23:43:50,-38.059091,144.384004,67.1,15.0
23:43:51,-38.059048,144.384219,71.36,14.7
23:43:52,-38.058952,144.384413,73.58,15.9
23:43:53,-38.058794,144.384476,70.47,16.4
23:43:54,-38.058659,144.384384,63.82,16.1
23:43:55,-38.058594,144.3842,66.58,16.3
23:43:56,-38.058594,144.383987,68.99,16.7
23:43:57,-38.058632,144.383766,72.69,17.0
23:43:58,-38.058684,144.383538,75.82,17.2
23:43:59,-38.058739,144.383303,78.28,17.4
23:44:0,-38.058795,144.383061,80.36,17.6
23:44:1,-38.058849,144.382812,82.06,17.7
23:44:2,-38.058901,144.382558,83.15,17.6
23:44:3,-38.058958,144.382325,74.65,17.6
23:44:4,-38.059052,144.382167,60.32,18.4
23:44:5,-38.059182,144.382142,56.75,18.8
23:44:6,-38.059275,144.382257,57.19,19.1
23:44:7,-38.059286,144.38244,61.99,19.4
23:44:8,-38.05922,144.382619,65.34,20.0
23:44:9,-38.059145,144.382812,69.49,20.3
23:44:10,-38.059139,144.383018,65.43,20.7
23:44:11,-38.059225,144.383177,62.63,21.2
23:44:12,-38.059369,144.383263,65.67,20.7
23:44:13,-38.059538,144.383297,69.97,20.1
23:44:14,-38.059718,144.383324,73.6,19.9
23:44:15,-38.059903,144.383375,76.9,19.8
23:44:16,-38.060066,144.383455,67.14,19.7
23:44:17,-38.060165,144.383589,58.25,19.3
23:44:18,-38.060167,144.383746,51.84,16.6
23:44:20,-38.059963,144.383814,53.25,16.1
23:44:21,-38.059863,144.383873,53.25,14.6
23:44:21,-38.059863,144.383873,53.25,14.6
23:44:21,-38.059863,144.383873,53.25,14.6
23:44:21,-38.059863,144.383873,53.25,14.6
23:44:21,-38.059863,144.383873,53.25,14.6
23:44:21,-38.059863,144.383873,53.25,14.6
23:44:21,-38.059863,144.383873,53.25,14.6
23:44:21,-38.059863,144.383873,53.25,14.6
23:44:21,-38.059863,144.383873,53.25,14.6
23:44:21,-38.059863,144.383873,53.25,14.6
23:44:21,-38.059863,144.383873,53.25,14.6
23:44:21,-38.059863,144.383873,53.25,14.6
23:44:21,-38.059863,144.383873,53.25,14.6
23:44:34,-38.059733,144.384447,73.27,14.6
23:44:35,-38.059555,144.384504,72.6,16.1
23:44:36,-38.059399,144.384529,58.95,16.6
23:44:37,-38.059297,144.384464,44.86,16.9
23:44:38,-38.059311,144.384358,40.45,16.1
23:44:39,-38.059402,144.384292,45.97,15.7
23:44:40,-38.059501,144.3842,51.36,16.2
23:44:41,-38.059545,144.38405,53.41,15.0
23:44:42,-38.059519,144.383881,56.15,15.8
23:44:43,-38.059409,144.383771,58.73,15.7
23:44:44,-38.059261,144.383769,62.23,16.4
23:44:45,-38.059143,144.383891,63.78,16.5
23:44:46,-38.059088,144.384083,66.86,16.5
23:44:47,-38.059037,144.38429,69.3,16.8
23:44:48,-38.05893,144.384433,64.26,15.9
23:44:49,-38.058775,144.384452,65.99,16.1
23:44:50,-38.058648,144.384336,65.41,16.2
23:44:51,-38.058583,144.384144,68.02,15.9
23:44:52,-38.058586,144.383925,71.47,17.1
23:44:53,-38.058633,144.383702,73.89,17.5
23:44:54,-38.058692,144.383473,77.36,17.8
23:44:55,-38.058749,144.383234,79.12,18.0
23:44:56,-38.058805,144.38299,80.97,18.0
23:44:57,-38.058859,144.382738,82.6,18.1
23:44:58,-38.058912,144.382489,81.25,18.1
23:44:59,-38.058976,144.382277,68.14,18.9
23:45:0,-38.059083,144.382148,59.15,19.9
23:45:1,-38.059204,144.382154,52.06,20.2
23:45:2,-38.059277,144.382279,53.69,20.9
23:45:3,-38.059279,144.382454,59.49,21.3
23:45:4,-38.059215,144.382632,63.99,21.3
23:45:5,-38.059138,144.38282,68.19,20.8
23:45:6,-38.059118,144.383012,59.49,22.4
23:45:7,-38.059191,144.38316,57.41,22.2
23:45:8,-38.059325,144.383244,62.13,21.8
23:45:9,-38.059485,144.383296,66.71,21.4
23:45:10,-38.05966,144.38333,72.17,21.3
23:45:11,-38.059847,144.383364,75.52,21.0
23:45:12,-38.06002,144.383419,68.91,20.8
23:45:14,-38.060157,144.383676,46.97,20.8
23:45:14,-38.060157,144.383676,46.97,21.0
23:45:16,-38.059947,144.38378,46.97,20.5
23:45:16,-38.059947,144.38378,46.97,20.5
23:45:16,-38.059947,144.38378,46.97,20.5
23:45:16,-38.059947,144.38378,46.97,20.5
23:45:16,-38.059947,144.38378,46.97,20.5
23:45:16,-38.059947,144.38378,46.97,20.5
23:45:16,-38.059947,144.38378,46.97,20.5
23:45:16,-38.059947,144.38378,46.97,20.5
23:45:16,-38.059947,144.38378,46.97,20.5
23:45:16,-38.059947,144.38378,46.97,20.5
23:45:16,-38.059947,144.38378,46.97,20.5
23:45:16,-38.059947,144.38378,46.97,20.5
23:45:28,-38.060041,144.384324,63.04,20.5
23:45:29,-38.059879,144.384376,67.8,21.4
23:45:30,-38.059707,144.384431,72.19,21.6
23:45:31,-38.059537,144.384487,69.52,21.8
23:45:32,-38.059392,144.384516,54.75,22.3
23:45:33,-38.059292,144.384467,41.86,22.1
23:45:34,-38.05928,144.384369,34.24,20.1
23:45:35,-38.059351,144.384299,40.69,18.9
23:45:36,-38.059454,144.384215,51.82,18.8
23:45:37,-38.059518,144.384074,53.52,17.6
23:45:38,-38.059494,144.383909,56.54,17.3
23:45:39,-38.059396,144.383782,57.88,17.5
23:45:40,-38.059253,144.383768,61.54,17.0
23:45:41,-38.059125,144.38387,63.43,17.1
23:45:42,-38.059062,144.384052,65.99,16.0
23:45:43,-38.059019,144.384264,70.14,16.2
23:45:44,-38.058923,144.384431,67.86,14.5
23:45:45,-38.058769,144.384485,66.67,14.4
23:45:46,-38.058642,144.38438,64.71,14.0
23:45:47,-38.058579,144.384184,69.41,14.6
23:45:48,-38.05858,144.383962,70.88,15.0
23:45:49,-38.058621,144.383738,73.51,15.5
23:45:50,-38.058674,144.383506,77.21,15.4
23:45:51,-38.058728,144.383267,78.95,15.5
23:45:52,-38.058782,144.383022,80.67,15.7
23:45:53,-38.058835,144.382771,82.17,15.8
23:45:54,-38.058888,144.382518,82.69,15.8
23:45:55,-38.058946,144.382296,69.97,16.0
23:45:56,-38.059048,144.38216,58.45,16.5
23:45:57,-38.059176,144.382162,54.91,15.9
23:45:58,-38.059256,144.382287,54.84,15.3
23:45:59,-38.059255,144.382463,58.71,15.0
23:46:0,-38.05918,144.382641,66.17,15.9
23:46:1,-38.059108,144.382832,67.39,16.3
23:46:2,-38.059102,144.383036,65.1,17.1
23:46:3,-38.059193,144.383198,65.52,17.9
23:46:4,-38.059349,144.383276,69.08,17.5
23:46:5,-38.059527,144.383303,72.56,17.3
23:46:6,-38.059715,144.38333,76.49,16.7
23:46:8,-38.06006,144.383462,65.19,16.6
23:46:8,-38.06006,144.383462,65.19,15.7
23:46:10,-38.060127,144.383732,65.19,14.3
23:46:10,-38.060127,144.383732,65.19,14.3
23:46:10,-38.060127,144.383732,65.19,14.3
23:46:10,-38.060127,144.383732,65.19,14.3
23:46:10,-38.060127,144.383732,65.19,14.3
23:46:10,-38.060127,144.383732,65.19,14.3
23:46:10,-38.060127,144.383732,65.19,14.3
23:46:10,-38.060127,144.383732,65.19,14.3
23:46:10,-38.060127,144.383732,65.19,14.3
23:46:10,-38.060127,144.383732,65.19,14.3
23:46:10,-38.060127,144.383732,65.19,14.3
23:46:10,-38.060127,144.383732,65.19,14.3
23:46:22,-38.060279,144.384272,54.04,14.3
23:46:23,-38.060138,144.384316,59.75,10.6
23:46:24,-38.059984,144.384364,64.84,10.9
23:46:25,-38.059818,144.384418,69.76,11.2
23:46:26,-38.059641,144.384472,73.78,11.5
23:46:27,-38.059468,144.384527,69.41,12.0
23:46:28,-38.059328,144.384519,52.6,12.4
23:46:29,-38.059266,144.384418,43.61,13.1
23:46:30,-38.059308,144.384313,41.84,12.6
23:46:31,-38.059413,144.384254,49.45,11.8
23:46:32,-38.059506,144.384152,52.15,11.3
23:46:33,-38.059531,144.383991,55.0,11.1
23:46:34,-38.059471,144.383834,58.47,12.0
23:46:35,-38.059346,144.383753,59.26,12.2
23:46:36,-38.059203,144.383794,62.28,11.8
23:46:37,-38.059106,144.383943,64.54,12.2
23:46:38,-38.059063,144.384147,68.62,12.4
23:46:39,-38.058996,144.384353,71.84,13.0
23:46:40,-38.05886,144.384478,70.06,13.7
23:46:41,-38.058698,144.384474,66.02,14.8
23:46:42,-38.058609,144.384332,60.73,15.1
23:46:43,-38.058577,144.384134,65.76,15.3
23:46:44,-38.058592,144.383919,68.93,15.0
23:46:45,-38.058636,144.383698,72.6,15.2
23:46:46,-38.058688,144.383469,75.77,15.1
23:46:47,-38.058742,144.383233,78.17,15.1
23:46:48,-38.058797,144.382988,80.65,15.3
23:46:49,-38.058851,144.382738,82.15,15.3
23:46:50,-38.058906,144.382486,82.56,15.5
23:46:51,-38.05897,144.382269,69.36,15.6
23:46:52,-38.059077,144.382146,56.6,14.5
23:46:53,-38.059196,144.382161,51.41,14.5
23:46:54,-38.059277,144.382296,58.91,13.5
23:46:55,-38.059269,144.382473,58.73,13.4
23:46:56,-38.05919,144.382644,65.23,13.4
23:46:57,-38.059116,144.382836,68.86,13.3
23:46:58,-38.059111,144.383033,62.13,13.1
23:46:59,-38.059198,144.383188,63.32,12.9
23:47:0,-38.059348,144.383266,67.3,12.5
23:47:1,-38.059523,144.383306,72.1,12.4
23:47:3,-38.059901,144.383393,78.38,12.1
23:47:3,-38.059901,144.383393,78.38,12.1
23:47:4,-38.060068,144.383478,78.38,11.8
23:47:4,-38.060068,144.383478,78.38,11.8
23:47:4,-38.060068,144.383478,78.38,11.8
23:47:4,-38.060068,144.383478,78.38,11.8
23:47:4,-38.060068,144.383478,78.38,11.8
23:47:4,-38.060068,144.383478,78.38,11.8
23:47:4,-38.060068,144.383478,78.38,11.8
23:47:4,-38.060068,144.383478,78.38,11.8
23:47:4,-38.060068,144.383478,78.38,11.8
23:47:4,-38.060068,144.383478,78.38,11.8
23:47:4,-38.060068,144.383478,78.38,11.8
23:47:4,-38.060068,144.383478,78.38,11.8
23:47:17,-38.060395,144.384171,38.85,11.8
23:47:18,-38.060277,144.384223,51.82,10.1
23:47:19,-38.060138,144.384266,58.43,10.4
23:47:20,-38.059986,144.384314,63.75,10.9
23:47:21,-38.059822,144.384367,68.26,11.0
23:47:22,-38.059648,144.384423,72.62,10.9
23:47:23,-38.05948,144.384476,67.52,11.6
23:47:24,-38.059347,144.384471,50.0,11.3
23:47:25,-38.059268,144.384397,39.15,11.2
23:47:26,-38.059293,144.3843,34.82,10.9
23:47:27,-38.059387,144.384246,43.78,11.0
23:47:28,-38.059484,144.384164,46.91,11.0
23:47:29,-38.059525,144.384014,51.54,10.3
23:47:30,-38.059484,144.383859,54.13,11.1
23:47:31,-38.059374,144.383748,57.62,10.3
23:47:32,-38.059236,144.38375,56.41,9.1
23:47:33,-38.059117,144.383854,58.45,8.3
23:47:34,-38.059059,144.384038,65.34,7.6
23:47:35,-38.059018,144.384252,70.28,8.1
23:47:36,-38.058924,144.384416,64.12,7.1
23:47:37,-38.058788,144.384457,59.0,5.5
23:47:38,-38.058661,144.384372,60.02,4.4
23:47:39,-38.058584,144.3842,62.6,3.4
23:47:40,-38.058574,144.383997,65.08,4.0
23:47:41,-38.058609,144.383775,71.51,4.0
23:47:42,-38.058662,144.383549,75.06,4.4
23:47:43,-38.058718,144.383316,77.45,4.7
23:47:44,-38.058773,144.383074,79.93,5.2
23:47:45,-38.058827,144.382826,81.82,5.7
23:47:46,-38.058882,144.382574,82.71,5.8
23:47:47,-38.058938,144.382349,73.6,6.4
23:47:48,-38.059037,144.382197,62.76,6.0
23:47:49,-38.059162,144.38219,53.37,3.3
23:47:50,-38.059252,144.382303,56.3,1.7
23:47:51,-38.059277,144.38247,55.02,2.0
23:47:52,-38.059228,144.382639,56.17,1.6
23:47:53,-38.059152,144.382834,68.3,1.7
23:47:54,-38.059136,144.383036,67.06,1.8
23:47:55,-38.059215,144.383194,61.15,1.1
23:47:57,-38.059528,144.383307,68.8,0.6
23:47:57,-38.059528,144.383307,68.8,0.1
23:47:59,-38.059893,144.383387,68.8,0.5
23:47:59,-38.059893,144.383387,68.8,0.5
23:47:59,-38.059893,144.383387,68.8,0.5
23:47:59,-38.059893,144.383387,68.8,0.5
23:47:59,-38.059893,144.383387,68.8,0.5
23:47:59,-38.059893,144.383387,68.8,0.5
23:47:59,-38.059893,144.383387,68.8,0.5
23:47:59,-38.059893,144.383387,68.8,0.5
23:47:59,-38.059893,144.383387,68.8,0.5
23:47:59,-38.059893,144.383387,68.8,0.5
23:47:59,-38.059893,144.383387,68.8,0.5
23:47:59,-38.059893,144.383387,68.8,0.5
23:48:11,-38.060448,144.383964,52.45,0.5
23:48:12,-38.060495,144.384064,39.95,0.5
23:48:13,-38.060464,144.384171,37.93,-7.2
23:48:14,-38.060352,144.384231,50.6,-6.9
23:48:15,-38.060217,144.384272,57.21,-6.5
23:48:16,-38.060065,144.384316,62.89,-6.0
23:48:17,-38.059902,144.384368,67.99,-5.2
23:48:18,-38.059729,144.384425,72.3,-4.6
23:48:19,-38.059563,144.384479,67.56,-4.2
23:48:20,-38.059424,144.384505,53.58,-2.9
23:48:21,-38.059325,144.384462,40.28,-4.3
23:48:22,-38.059315,144.384365,33.61,-4.9
23:48:23,-38.059393,144.384289,42.06,-4.3
23:48:24,-38.059493,144.384202,49.52,-4.5
23:48:25,-38.059531,144.384058,51.13,-4.5
23:48:26,-38.059483,144.383901,54.3,-5.3
23:48:27,-38.059369,144.383801,58.36,-7.0
23:48:28,-38.059229,144.383813,58.75,-9.7
23:48:29,-38.059122,144.383938,60.99,-9.7
23:48:30,-38.05907,144.384128,66.51,-10.4
23:48:31,-38.059019,144.384332,67.25,-9.9
23:48:32,-38.058912,144.384472,62.71,-11.8
23:48:33,-38.058778,144.384503,57.23,-13.4
23:48:34,-38.058659,144.384395,60.67,-13.4
23:48:35,-38.058597,144.384206,65.23,-14.0
23:48:36,-38.058589,144.383999,65.91,-14.0
23:48:37,-38.058639,144.383779,72.49,-13.8
23:48:38,-38.058695,144.38355,76.15,-13.6
23:48:39,-38.058751,144.383314,78.71,-13.5
23:48:40,-38.058807,144.383071,80.49,-13.5
23:48:41,-38.058861,144.382832,78.14,-13.1
23:48:42,-38.058908,144.382611,71.04,-12.3
23:48:43,-38.058956,144.382416,62.39,-12.2
23:48:44,-38.059017,144.382264,52.87,-12.4
23:48:45,-38.059107,144.382175,45.99,-12.5
23:48:46,-38.0592,144.382159,37.85,-12.8
23:48:47,-38.059288,144.382182,36.56,-12.4
23:48:48,-38.059364,144.382218,32.6,-12.2
23:48:49,-38.059405,144.382287,28.47,-12.4
23:48:50,-38.059409,144.382365,24.89,-12.4
23:48:51,-38.059393,144.382439,24.45,-12.3
23:48:53,-38.059406,144.382564,24.45,-11.5
23:48:53,-38.059406,144.382564,24.45,-11.5
23:48:53,-38.059406,144.382564,24.45,-11.5
23:48:53,-38.059406,144.382564,24.45,-11.5
23:48:53,-38.059406,144.382564,24.45,-11.5
23:48:53,-38.059406,144.382564,24.45,-11.5
23:48:53,-38.059406,144.382564,24.45,-11.5
23:48:53,-38.059406,144.382564,24.45,-11.5
23:48:53,-38.059406,144.382564,24.45,-11.5
23:48:53,-38.059406,144.382564,24.45,-11.5
23:48:53,-38.059406,144.382564,24.45,-11.5
23:48:53,-38.059406,144.382564,24.45,-11.5
23:49:5,-38.059557,144.38262,0.11,-11.5
23:49:6,-38.059558,144.382619,0.17,-2.5
23:49:7,-38.059558,144.382618,0.06,-1.4
23:49:8,-38.059558,144.382617,0.09,-0.3
23:49:9,-38.059558,144.382616,0.02,0.6
23:49:10,-38.059559,144.382615,0.02,1.6
23:49:11,-38.059559,144.382615,0.07,2.4
23:49:12,-38.059559,144.382614,0.02,3.2
23:49:13,-38.05956,144.382614,0.13,4.0
23:49:14,-38.059561,144.382614,0.02,4.7
23:49:15,-38.059561,144.382613,0.0,5.4
23:49:16,-38.059561,144.382613,0.19,6.1
23:49:17,-38.059561,144.38261,0.7,6.3
23:49:18,-38.059564,144.382609,1.24,6.7
23:49:19,-38.059564,144.382607,0.89,7.6
23:49:20,-38.059565,144.382606,0.17,8.2
23:49:21,-38.059565,144.382606,0.39,8.8
23:49:22,-38.059566,144.382606,0.26,9.1
23:49:23,-38.059571,144.382607,1.63,9.3
23:49:24,-38.059574,144.382601,2.5,9.3
23:49:25,-38.059574,144.382602,0.74,9.5
23:49:26,-38.059574,144.382602,0.57,10.1
23:49:27,-38.059573,144.382601,0.44,10.5
23:49:28,-38.059572,144.3826,0.72,10.4
23:49:29,-38.059573,144.382601,0.26,10.7
23:49:30,-38.059573,144.382601,0.44,11.1
23:49:31,-38.059573,144.382601,0.31,11.8
23:49:32,-38.059574,144.382601,0.0,12.3
23:49:33,-38.059574,144.382601,0.04,12.7
23:49:34,-38.059574,144.382601,0.11,12.9
23:49:35,-38.059574,144.382601,0.31,13.0
23:49:36,-38.059574,144.3826,0.52,13.6
23:49:37,-38.059574,144.3826,0.04,13.8
23:49:38,-38.059574,144.382599,0.09,13.9
23:49:39,-38.059574,144.3826,0.43,14.3
23:49:40,-38.059574,144.3826,0.02,14.5
